,GPE,LOC,NORP,ORG,PERSON,PRODUCT,WORK_OF_ART
ocalahealthsystem.com,"Florida
Marion County
YouTube
Ct
Marion
US
Stories

3
Facebook
Ocala
FL
Health\xe2\x80\x99s",Robotic Surgery,,"Neurosciences
Medical Records
Awards & Accolades
View All
Blog Articles
Ortho Pre-Op
Services         Physicians         Locations         Pricing Information
Bariatrics Program
Basic Self-Defense
ORMC
Ocala Health     Are Household Cleaning Products
Ocala Regional Medical Center
Exposure
Blog
Trauma Services
AARP
Social Media
The American College of Cardiology

Hurricane Resources
\xc3\x97
HCA North Florida Division
Health Portal
Patient Portal
Center  Wound and Hyperbaric Center       Patients & Visitors    Patients & Visitors
Classes & Events
Ocala Health Unit
CPR
Intensive Care Unit
Blog
SW
Level II Trauma Center
View All Services
West Marion Community Hospital\'s
the American College of Radiology
Ocala Health
More
Advanced Imaging Centers
Time
Ocala Regional Medical
Next               Careers
Pastoral Care
Wellness Community Center
Community
Gold Seal
Orthopedic Joint Care Center
Means For U.S. Health Care Apr 13
Bariatric Support Group
Wound and Hyperbaric Center
Affiliated Practices       Services    Services
Health Library
Medical Professionals    Medical Professionals
RN-C
Graduate Medical Education
Regional Medical Center
Ortho Pre-Op Class
West Marion Community Hospital
the only Commission on Cancer
Get Directions                          Amazing Hearts
Time
Family Care Specialists

Search               Search
Health Resources
Ortho Pre-Op Class Apr 24
Carousel
Pre-Register
Hospital Affiliation
Community Hospital
Get Directions
News
\xe2\x80\x9cgallbladder
Insurance Plans  Maps & Directions
OcalaHealth
Legal Information
Pause Carousel
UOD
Florida Pricing Transparency  Gift Shop
C-HCA
Swap Toxic Cleaners","Jun 18
Jun 7 Thursday
PageView&amp;noscript=1
Jun 4
Michelle Farris
Jun 26
Jun 21
Bloom
Santiago Villamil
Summerfield
Jun
Apr 25
Apr 17
Jun 6
Mar 14
Griffin
Ocala Health
Jun 25
Summerfield ER
Jun 11
Apr 11
Chapman
Jun 7
Sep 21

Jun 5
RN
Jun 14
Jun 19
Mar 16","Apr 19
Apr 23
Apr 26
Apr 25
Apr 9 Monday Ortho Pre-Op Class Apr 9

Apr 11
Apr 5
Apr 4
Apr 2 Monday
Apr 3
Apr 2 Monday Ortho Pre-Op Class Apr 2
Apr 10
Apr 16
Apr 9 Monday
Apr 18
Apr 30
Apr 24","a Certified Nurse
Silver Tsunami
MyHealth One
The DAISY Award
Wednesday Low Back Pain And Sciatica Work Shop Apr 11
Safe Driving Class Mar 28"
ww2.mc.vanderbilt.edu,"Vanderbilt
Nashville
TN
Popular Links",,,"Resources Directory
Vanderbilt University
People Finder         Nursing
Rehabilitation      Department of Otolaryngology
Vanderbilt University Medical
School of Medicine    School of Nursing
Medical Record Information    Request
Department of Medicine      Department of Neurology      Department of Obstetrics
Vanderbilt Health
Volunteer    Patient Privacy
Rehabilitation        Department of Psychiatry and Behavioral Sciences      Department of Radiation Oncology      Department of Radiology and Radiological Sciences        Section of Surgical Sciences
Department of Anesthesiology      Department of Biomedical Informatics      Department of Biostatistics
Parking & Transportation
Oak Leaf Design\xc2\xae
Kronos
Vanderbilt University Medical Center
Vanderbilt University
The Vanderbilt University
VanderbiltHealth.com
My Health
Starbrite         eStar
VUMC
Department of Pathology, Microbiology and Immunology      Department of Pediatrics      Department of Physical Medicine
Eskind Biomedical Library
Vanderbilt     Vanderbilt University Medical Center
Vanderbilt University Medical Center
General Information
Gynecology        Department of Ophthalmology and Visual Sciences      Department of Orthopaedic Surgery and
Internal Applicants         Academic
Vanderbilt
Department of Emergency Medicine      Department of Health Policy      Department of Hearing and Speech Sciences
Feedback          Office of Research
Visitors  Resources for Employees","EHR

Feedback
EHR
Vanderbilt
Monroe Carell",,Referring Providers  Locations and Parking
www.co.wood.wi.us,"District Attorney
Wood County
WI
Wisconsin
Wisconsin Rapids
Marshfield
Wis. Rapids
Bluff Boutique",,,"Lincoln
Wood County
Marriages & Domestic Partnerships
Land & Water Conservation
GIS Data
the Wood County Health Department
Infrastructure & Recreation Committee
Wisconsin Rapids Community Media
View
Norwood Health Center
Disability Resource Center of WI Advisory Comm
Treasurer\'s
Executive Committee
Pittsville
Property Tax Search
Courthouse
UW-Extension,
Forestry         Planning & Zoning         Register of Deeds         Safety & Risk Management         Sheriff\'s
Office         UW Extension         County Veterans Service Office         Victim Witness Services
Meetings                 Adult Drug Treatment Court
Municipalities         Office Locations
Parks & Forestry
Healthy People Wood County
Conservation, Education & Economic Development Committee
Wood County Home           Board of Supervisors
Judicial & Legislative Committee
Human Services         Information Technology
Contact Wood County
Edgewater Haven         Emergency Management         Employee Wellness         Finance Department         Health Department         Highway Department         Housing Rehabilitation         Human Resources
Department
Wood County Executive Committee
Clerk of Courts         Corporation Counsel         County Clerk         Dispatch Center
Citations           Wood County Election Results",,,"Birth, Death, Marriage, Divorce & Domestic Partnership"
www.einstein.yu.edu,"Montefiore
M.S.
U.S.
M.D.
Diversity@Einstein
NY
Bronx",About Einstein,,"Dean Spiegel
Shared Facilities & Cores
Admissions  Financial Aid
Library         Information
Registrar
Graduate Program
Centers (Research
Prospective Students
Education & Admissions
American Journey
Scientific Resources
Alumni    Careers
Blog
Webmail
Social Media
Graduate Medical Education
Centers of Excellence
Policies
Visitors
Media
Luminus Portal
IRB
Diversity and Inclusion Strategic Plan
Medical Program
Global Health
Multimedia
Graduate Medical Education
Visitors
Einstein Magazine
Office of Biotechnology & Business Development
INTRANET
Resources  Finance &
Education
Endocrinology
Einstein Ranks 7th
Grant Support  Institute for Animal Studies  Human Research Protection Program
Einstein  Einstein News
Medical Program
Financial Aid
Postdoctoral Program
Research
Principal Investigator
MSTP Program

PixelInitialized
Einstein     Education
Global Health               Top Stories
Administrative Departments
Master of Science in Clinical Research Methods
Administration
Health
NIH Awards
More Featured Stories","| Accessibility Statement
Among Top
Albert Einstein
Joanna Starrels
M.S.
Jorge Aguilar\xe2\x80\x99s
Montefiore
Page
| Jack
Pearl Resnick
M.B.E.
Jill P. Crandall
(M.D.
M.D. - Ph.D.
Starrels
Joseph Crowley
Einstein
ALBERT EINSTEIN
Albert Einstein College
Glycoprotein",Match,"| Privacy Policy |
Ph.D.
Expert List
Master of Science in Clinical Research Methods
Master of Science in Bioethics
width=""1"""
www.grmc.us,"Spring
Orthopedic Surgery
Grinnell",,Specialists,"Internal Medicine
Virtual Tour      Family Medicine
Impact on Local Economy     Mar 01
Obstetrics    Maternity Services
Optimal Healing Environment
Donate Now
Sleep Lab
CanvasBlu Digital
Opportunities    Auxiliary Scholarship
Audiology    Radiologic Diagnostic Imaging
Pathology    Urology
Copper       Quality      Awards
Liberal Arts
Visitors          Emergency Care
the Speed of Life    Planned Giving
Meet Our Staff
Gift Shop
Suite
Wellness    Group Exercise
Rehabilitation    Cardiac
CHNA
Healthletter    Hospital Compare    Hospital Quality Alliance    Partnership
|
Older Adult Programs    Support Groups
Rehabilitation      Family Medicine
Ways to Give
Gear and
Family Medicine
Urgent Care
Meet Our Foundation Board
Grinnell Regional Medical Center
Geriatrics
Oncology Care    Virtual Tour
Geriatrics    Pain Management    Diagnostic Services
GRMC Clinics
Financial Assistance    Patient Portal
Clinic
Wellness Classes
Grinnell Regional Medical
Radiology    Family Medicine
Intensive Care Unit      Hospice
Careers
Caf\xc3\xa9 and Dining    Staying Connected    Visiting","Bill Online
Sitemap |",,The Beat Goes On
www.health.wvu.edu,"
Charleston
Germany
West Virginia
MyAccess
Schwinghammer",,North 1901,"West Virginia University
Cancer Institute
HSC Research \xc2\xbb
WVU Portal
Centers & Institutes
Academic News
School of Nursing
MENU       Academics    Research    Service
School of Public Health
Intranet
Directions & Transportation
Defunding                 School of Public Health March 6
Gottingen University-Max Planck Institutes
Leadership \xc2\xbb
Years                 School of Pharmacy March 2
School of Pharmacy March
WVU Alert
Campuses      Morgantown
Van Liere Research Conference                 Cancer March 23
School of Medicine
WVU                 School of Nursing March 13
Huffington
HSC Research
Employment
Academic News \xc2\xbb
HSC                                           Health Sciences
WVU Cancer Institute
Search
Minority/Female/Disability/Veteran
Karen Caveney Alumni Association Faculty Excellence Award
EEO/Affirmative Action
WVU Today
WVU School of Pharmacy
Neuroscience
Eastern","Rockefeller Chair
Cottrell
James
Martinez
Ali Rezai",Mindful Morsels:,Family Reunification Training
www.healthsystem.virginia.edu,"Charlottesville
VA",,,"Medical Center  Physicians Group
Neurosciences and Behavioral Health Center
Professional Nursing Staff Organization
People
UVA
Patient Services
Clinical Portal          Faculty
Graduate Medical Education         Patients & Families
Departmental Intranets
UVA Health      Patient Services
KnowledgeLink
UVA Eservices Exchange          Healthcare Professionals
GTM-MXS554D""\nheight=""0
People    KnowledgeLink
Careers  Health System Email
Visitors of the University of Virginia
School of Nursing  School of Medicine
434.924.0211
Student      School of Medicine  School of Nursing  Health Sciences Library
Web Development Center
Departments & Services","2016 Rector
Claude Moore Library",Maintained,
www.hghospital.ws,"Humboldt
Humboldt County
Nevada
Northern Nevada
NV",,Radiology,"Baby Unit
Patients & Visitors
Clinic
23-Mar-2018  Office
HGH
DWSS
Patient
Mother
Silver Syringe'
Board Meeting Agenda              Patient Portal
Community
EMS Education
Clinic
Social Services
HGH               Humboldt General Hospital
Orthopedic Clinic
Careers
Occupational Health Services
Nutrition/Dietary Services
Billing
21-Mar-2018
the University of Las Vegas School of Medicine Family Medicine Rural Residency Program
9-Mar-2018
Telemedicine Services
HGH News
Mission
Public Records
Baby Unit
Orthopedic Services      Surgical Services      Rural Health Clinic
Rural Health Clinic
Smoke-Free and Tobacco-Free   Visitor Information
Privacy     Community
Humboldt General Hospital
Contact                        Find
Support Groups
Family Medicine Residency Clinic","
E. Haskell
Shouping Li
Hospitalists   Laboratory
Winnemucca
Mother","TeleStroke Network
EMS Rescue","
Going Home   Medical Records   Patient Access   Patient
| Privacy Policy | Staff Email
Board Meeting Minutes  Classes & Events  Careers
a Question        Patient Portal"
www.jchc.us,"Parkinson\xe2\x80\x99s
Tri County
Photos
Fairbury
Meridian
Jefferson County
F  S",,,"5
My Wellness Dashboard
Caregiver's Support Group
Learn More  Connect
My Wellness Dashboard      Care & Services
Search          Aligning Healthcare
Burkley Fitness Center
LMNT
Complete
Home Health  Outpatient Services
RDN
My Medical Records  Schedule
Jefferson Community Health & Life Conference Rooms
Gardenside
LisaEdeal
Scroll
Caregivers Support Group
The MarchHealth Today Program
Health Coaches
Radiology  Specialty Care  Sports Medicine & Rehabilitation
Burkley Fitness Center
Jefferson Community Health & Life Outpatient Services
Health Center
Cedarwood Assisted Living    Providers
Health Today
Lifecare Learn More
My Wellness Dashboard
Aligning Healthcare
Educational & Wellness Programs  Emergency Care  Primary Care

Find a Job
Fairbury Cycling Tour
Us                              Jefferson Community Health & Life
AseraCare Hospice
Jefferson Community Health & Life
Legislature
Jefferson Community Health & Life's
Facebook Twitter Linkedin Gplus Youtube News
Health Today
Wellness Dashboard
0
Fitness Classes","Baby Gallery
Laura Ebke
Lana Likens
","2
Baby Gallery
Baby Gallery","Coffee and Conversation
Facebook Twitter Linkedin Gplus Youtube Website
Privacy Policy"
www.mc.vanderbilt.edu,"Vanderbilt
Nashville
TN
Popular Links",,,"Resources Directory
Vanderbilt University
People Finder         Nursing
Rehabilitation      Department of Otolaryngology
Vanderbilt University Medical
School of Medicine    School of Nursing
Medical Record Information    Request
Department of Medicine      Department of Neurology      Department of Obstetrics
Vanderbilt Health
Volunteer    Patient Privacy
Rehabilitation        Department of Psychiatry and Behavioral Sciences      Department of Radiation Oncology      Department of Radiology and Radiological Sciences        Section of Surgical Sciences
Department of Anesthesiology      Department of Biomedical Informatics      Department of Biostatistics
Parking & Transportation
Oak Leaf Design\xc2\xae
Kronos
Vanderbilt University Medical Center
Vanderbilt University
The Vanderbilt University
VanderbiltHealth.com
My Health
Starbrite         eStar
VUMC
Department of Pathology, Microbiology and Immunology      Department of Pediatrics      Department of Physical Medicine
Eskind Biomedical Library
Vanderbilt     Vanderbilt University Medical Center
Vanderbilt University Medical Center
General Information
Gynecology        Department of Ophthalmology and Visual Sciences      Department of Orthopaedic Surgery and
Internal Applicants         Academic
Vanderbilt
Department of Emergency Medicine      Department of Health Policy      Department of Hearing and Speech Sciences
Feedback          Office of Research
Visitors  Resources for Employees","EHR

Feedback
EHR
Vanderbilt
Monroe Carell",,Referring Providers  Locations and Parking
www.mcmh.us,"District
Florida
Madison County",,,"Management

the Florida Agency
Healthcare Administration
CFO
HIPAA
Patient Financial Services Medical Staff Phone Directory
Financial Data
Medical Staff  Board of Directors
Gifts and
the Hospital Charge Master
Board of Directors Auxiliary Volunteers
Visitor Information
\xe2\x80\x9cFaith, Family
Madison County Memorial Hospital","Patrick McGee
Job Opportunites",,Financial Assistance Policy  Financial Transparency
www.med.utah.edu,Utah,North Medical Drive Salt Lake City,,"University Health Plan

GTM
University of Utah Hospital    Staying
HCI
U.S. News
Public Affairs
MyChart ID
DNV GL
U Health
Urgent Care
the Hospital    Parking & Valet
University of Utah Health Patients
Stay    Patient & Family Services
University of Utah Hospital
World Report
801-581-2668
University of Utah Health Hospitals and Clinics
Health Records
University of Utah Health","MyChart
MyChart
PageView&amp;noscript=1
MyChart
Bill",,"My Doctor Rate
Privacy Statement
The Imagine Perfect Care Program
Non-Discrimination Policy"
www.memorialhealth.us,"San Augustine
Livingston
Lufkin
TX","East Texas
Learn More",,"Health-Memorial Reduces
Superior Care
Lufkin - Basic Life Support-Healthcare Provider
Memorial Clinics-Lufkin
Memorial Clinics-Trinity      + News    News    Events    Special Events
the Heart Institute of East Texas
Memorial Clinics
Management Team    Board of Directors
Community Health Needs Assessment
Livingston - HeartCode
BLS
Location     Billing
Women's & Children's
Lufkin Daily News'
Mission, Vision & Values
Intensive Care    Heart & Vascular Mobile Imaging    Heart & Vascular Imaging Center    Urological Services
& Lufkin
Polk Education Center    Robotic Surgery
Pioneer Design
Center    Wound Care & Hyperbaric Oxygen      + Physicians    Find a Physician    Hospitalist Program
Specialty Hospital
Social Services
Breast Cancer
Lufkin - Basic Life Support
Sleep Lab
State
CHI St. Luke\xe2\x80\x99s Health-Memorial Livingston Earns Award for Disaster Preparedness
Medical Guide      + Locations    Directions & Hours
CHI St. Luke\xe2\x80\x99s Health
Memorial Clinics-Hemphill
Temple Cancer Center    + Therapy & Rehabilitation
Innovative Health Care     Temple Cancer Center   Cardiac
Website
Paternity Program
Livingston Imaging Department      Intensive Care    Infusion Center    Orthopedics
Acute Care Inpatient Therapy
MEMORIAL
Ortho/Spine Post Surgical Unit
Memorial Clinics-Cleveland","San Augustine
St Luke
Livingston ED

W. Frank Ave
WATCHMAN",,"Building on Our Promise
Where You Need It
Basic Life Support
CHI St. Luke\xe2\x80\x99s Health-Memorial Lufkin"
www.mhcs.us,"Seward
Wisconsin
Milford
the United States
Utica
Nebraska
Brooklyn
\xe0\xa4\xa8\xe0\xa5\x87\xe0\xa4\xaa\xe0\xa4\xbe\xe0\xa4\xb2\xe0\xa5\x80
Memorial ezVisit
Kent
MD
NE
Staplehurst","South C Street
North Columbia Ave
North Columbia
Google Maps
\xe0\xba\x9e\xe0\xba\xb2\xe0\xba\xaa\xe0\xba\xb2\xe0\xba\xa5\xe0\xba\xb2\xe0\xba\xa7
North Columbia Avenue","American
Colon Cancer Awareness
Arabic","Diabetic Support Group
Women's Health
Health Admissions & Billing Assisted Living Cardiac Rehabilitation Diabetes Programs Emergency Services Immunizations Laboratory Services Nutrition Counseling Obstetric Services Pharmacy Physical Therapy Radiology Services Respiratory Therapy Skilled Nursing & Therapy Surgical Department
Employment
Donate
Call 911     Hours
Clinics
Seward Family Medical Center         Seward Family Medical Center
Physicians
Community Health Needs Assessment
Privacy Policy
Contact Us Department Fax Numbers
Read More Pharmacy Services Personal and Professional Pharmacuetical Care Read
Seward Family Medical Center  Specialty Clinic
Skilled Nursing & Therapy
Seward Family Medical Center Lower Level Vahle Conference Room
RD
Seward Family Medical Center
Aquatic Therapy
Family Physicians Caring
Radiology
Vahle Conference Room
Key
The Chartis Center for Rural Health
Memorial
Fax
Clinics Milford Family Medical Center
Online Care and Treatment
OB Services
Critical Access Hospitals
Family Encourage Mammograms         Patient
Facebook
Milford Family Medical Center
Education
Memorial Health Care Systems
ACL
Latest News
Memorial Health Care Systems
Memorial Hospital
Twitter Share to Print Share
Surgical Department
Physical Therapy  Respiratory Therapy
Advance Directives
Utica Family Medical Center         Utica Family
NE
Memorial Hospital\xe2\x80\x99s
the Specialty Clinic
Foundation
Utica Family Medical Center
Time
Triumph   Services Assisted Living

Search
Women's
Healthcares Newsletter
Web Design & Development
Physical Therapy
Respiratory Therapy
MD                        Memorial Health Care Systems
Neb.
Pause
Contact Us Department Fax
Assisted Living
Milford Family Medical Center
Search
Immunizations  Laboratory Services  Nutrition Counseling  Obstetrics Services
Hospital","Emma
Seward Memorial
Linda Sorensen
MD Robert L. Wergin
Robert L. Wergin
Mark
MD Jason Summa
Trisha Sams
James Plasek
Jason Summa
Seward
Emma Lutringer
MD Robert W. Wall
Todd Schmieding
Dirks
Todd
Doretta Schweitzer
Kinsey Dirks.\xc2\xa0 Brooklyn
Sharon Neihardt
Seth Fitzke
Kenny
MD Connie Novak
Kent Pribyl
Connie Novak
MD J.B. Ketner
Mark Croghan
MD James A. Plasek
James A. Plasek
J.B. Ketner
MD Brandon Henley
Carol Morrow
\xd9\x84\xd8\xb9\xd8\xb1\xd8\xa8\xd9\x8a\xd8\xa9
Joan Gloystein
MD Trisha Sams
Brandon Henley

Pete.Christensen@mhcs.us
Sharon Luebbe
Joel D. Gabriel
RN
Jacqueline Hobbs
Robert W. Wall
Deutsch","AddThis Sharing Sidebar Share
M-F
402-643-4800","Family Family Practice Physicians
Physician Assistants  Specialty Physicians
Privacy Policy
Notice of"
www.oahs.us,Clinton Clinic,,,"Visitor   Tobacco \xe2\x80\x93 Free Campus
Notice of Privacy Practices
Chart      Center
Vivid Image
Complete Phone Directory
Hours
Calendar  Careers
Hospital / Clinic
Gift Shop
View All Special Deliveries
320.839.4020 OAHS Home Health
Northside Medical Clinic
Pastoral Services
Outreach
SEGIP
Foundation","320.839.4274 Appt
Marlie Lynn Monroe - Mar
Sullivan Phillip -
Liam Roger - Feb
Stacey Longnecker
Homepage",,Lunch and Learn Upcoming Events      Apr
www.rchc.us,"We\xe2\x80\x99re
Northwest Kansas
the United States
Kansas
US
Golf Tournament
Atwood",,Cardiology,"Financial Assistance Program
Wound Care  Urology
RAWLINS COUNTY HEALTH CENTER
JavaScript
Rawlins County Health Center
the Rawlins County Health Center
LEARN
Home  Health Needs Assessment
Phone *
The Chartis Center for Rural Health
March 1st
Orthopedics    Careers
Wound Care
Ultrasound  Nuclear Medicine
February 12th
Critical Access Hospitals
RCHC
Rawlins County Health Center \xe2\x80\x93 History  Board of Trustees
785.626.3211
Critical Access Hospital
Foundation   Foundation
Patient Portal & Payment
STANDARD
CT Scan
Prairie Plaza Retirement Community
Rawlins Clinic-Atwood  Diabetic Services

Financial Services
Physical Therapy
Newsletter Archive
Specialty Services
Welcome
The Rawlins County Health Center
Hospital Charges  Laboratory
Our Services
February 20th","X-Ray |
/div","Gravity Forms
Ajax",Swing Bed
www.scmc.us,"Texas
TX
Austin
U.S.
Schleicher County Medical Center
San Angelo
San Antonio
Eldorado",Eldorado,,"Pediatric Advanced Life Support (PALS
News Room
Services
Advanced Trauma Life-Support (ATLS)
Schleicher County Medical Center
Health Info
Latest News          Telephone
Parents
Medicaid
CHIPS
Progressive Healthcare
Webrevelation | Bookmark Site     '
Medicare
TX 76936","Paul Burke
Career Center","Small Town Compassion""",
www.tchospital.us,"Texas
Volunteering
Sitemap
Tyler County",West Bluff Woodville,,"Outpatient Services
Administration  Our Doctors  Our Facilities  Our History  Our Staff
TCH Business Office
TYLER COUNTY H
All Rights Reserved
County Hospital Family Medical Clinic Careers News / Events
Dogwood Time
Maintenance     Department Heads
Press Releases
FAQ
County Hospital Foundation -Vocational Nursing Program
Tyler County Hospital Auxiliary
Doctors -Our Facilities -Our History -Our Staff
Board Meeting Reports Community Education
Megan     West Wing Nursing
Child Maltreatment  Child Passenger Safety  Drowning Prevention  Guide to Avoiding Cyberbullying
Prevention of Alcohol-Related Crashes  Suicide Prevention
Hospital News
LVN Instructors     Enviromental Services
Advocacy/Education
Health Resources
Vocational Nursing Program
Tyler County Hospital Family Medical Clinic Staff
Discharge Planning  Emergency Services
Vision
Patient Advocacy/Education
Giftshop Our Services
Tyler County Hospital Family Medical Clinic News
Phone
Health Information Management System
Tyler County Hospital
Tyler County Hospital Foundation
Business Office
OneAmerica

County Hospital Auxiliary
-Health Information Management System (HIMS
County Hospital Family Medical Clinic News
Non-Discrimination
the Tyler County Hospital
| Careers
Contact Us      Careers         News & Events      Recent News
Tyler County Hospital Family Medical Clinic
Indigent Care Program
Wildflower Giftshop
Jo     Auxiliary
Patient Center
Tag Lines
Charity Care","Andi
Connie     Janet
Susan, Judy
Older Adult Falls
Wright
Bukola Durojaiye
Adult Falls
Debbie
Tammie",Cardio/Pulmonary,"Upcoming Events       Safeguarding Personal Data
ER Waiting Room"
www.thecenters.us,"Inc.
South Lecanto Highway Lecanto
Stabilization Adult Crisis Stabilization Adult Psychiatric Hospital
Avenue Ocala
Marion
US
Ocala
FL",,,"Medical Records

NetSource Technologies
The Centers Where Hope
ADA Policy
Child Safety Services
The Centers
Prevention Child Safety Locations Citrus County Marion County
Health Begin
More    Education & Prevention
times.\xc2\xa0
feelings.\xe2\x80\x9d
Centers
Serving Citrus
Kids Central, Inc.
Marion & Citrus Counties","Martin Luther King
Lecanto",,"Find Out More
Find Out More                                   Home
Find Out
Wish List/Needs Resources Client Portal Mental Illness Support Addiction
Join Our Team"
www.uuhsc.utah.edu,Utah,North Medical Drive Salt Lake City,,"University Health Plan

GTM
University of Utah Hospital    Staying
HCI
U.S. News
Public Affairs
MyChart ID
DNV GL
U Health
Urgent Care
the Hospital    Parking & Valet
University of Utah Health Patients
Stay    Patient & Family Services
University of Utah Hospital
World Report
801-581-2668
University of Utah Health Hospitals and Clinics
Health Records
University of Utah Health","MyChart
MyChart
PageView&amp;noscript=1
MyChart
Bill",,"My Doctor Rate
Privacy Statement
The Imagine Perfect Care Program
Non-Discrimination Policy"
www.wmhc.us,"Hagerstown
Pennsylvania
West Virginia
US
MD
Maryland",Relay,,"Western Maryland Hospital Center
Brain Injury      Skilled Nursing & Long Term Care      Notice of Privacy Practices
Careers
Core Competencies
General Information
Western Maryland Hospital Center
Hancock/Cumberland
Referrals & Admissions      Specialty Hospital
D.C.
Communication              Contact
Baltimore/Washington
Western Maryland
Home  News & Events
Maryland.gov
","301.745.4200
Dial 711
",,Vision
www.ych.us,"Lubbock.\xe2\x80\x9d
WEST TEXAS
US
Yoakum County
Lubbock",,,"JUSTICE
Home
Primitive Social                  '
PREMIUM RURAL HEALTHCARE
OB
WEST TEXAS LIFESTYLE & REHAB CENTER
& WELLNESS CENTER
Dignity
SERVICE
Yoakum County Hospital
PLAINS CLINIC & LIFESTYLE CENTER
GYN
WEST TEXAS MEDICAL CENTER
WHO
CAREERS
PLAINS CLINIC & WELLNESS CENTER
PLAINS CLINIC",SCOTT FRANKFATHER,,
