,ADJ,ADP,ADV,CCONJ,DET,NOUN,NUM,PART,PRON,PUNCT,SYM,VERB
ocalahealthsystem.com,"enough
open
tumultuous
other
effective
operative
Recent
significant
its
freestanding
pre
orthopedic
joint
possible
vascular
older
robotic
seasonal
situational
Welcome
safe
dedicated
surgical
interactive
cardiac
quick
difficult
key
modern
annual
aware
comprehensive
southern
hard
informational
finest
2-day
personal
Silver
easier
inpatient
Last
back
defensive
physical
chronic
Stronger
their
natural
interested
private
-bed
primary
our
Your
your
best
patient
invasive
sy\xe2\x80\xa6
pelvic
neurological
different
all
toxic
main
many
long:\xe2\x80\xa6
new
\xc2\xa0What
first
https://t.co/igzj6fno6e
lower
pleasant
Our
My
healthy
advanced
present
challenging
basic
ready
that
Average
Most
interventional
bariatric
Advanced
Safe
clinical
successful
Acceptable
informative
https://t.co/EarpHEpRVh
Certified
latest
more
app\xe2\x80\xa6
multiyear
only
simple
active
More
worst
monthly","For
With
throughout
with
if
from
If
than
under
Of
that
until
In
While
in
at
about
During
Through
like
during
over
by
as
on
At
to
through
of
for
around
About","minimally
shortly
successfully
Better
much
Here
again
along
indoors
now
easily
also
ever
up
over
as
how
specially
more
How
well
once
Together
about
More
Shortest
not","AND
&
And
and
or
but","An
all
a
A
the
That
any
Those
another
these
those
some
this
an
All
This
no
The","hour
surgeons
facilities
entrance
seat
family
network
weather
allergy
Pricing
recovery
diabetes
Directions
Today
week
Employees
class
safety
total
fever
newsletter
job
emergency
world
procedures
program
vinegar
exercise
strategies
We\'re
endometriosis
auto
PageView\n&amp;noscript=1
support
diet
certification
vegetables
head
today
heart
care
outpatient
advice
Assessments
biplane
appointment
ns.html?id
insurance
aid
tactics
attacker
Z
body
nurse
none;visibility
top
completion
Diabetes
Phone
scripts""></iframe
lungs
bloodpressure
none
traffic
loss
page
pain
Award
diseases
graduates
chemical
Accessibility
lifestyle
experience
equipment
childhood
communities
progression
headache
triggers
Terms
state
disease
host
replacement
alternatives
year
Events
responders
radiology
journey
Skip
phase
nerve
kidney
content
challenges
department
https://t.co/UktV1orXsc
team
self
Unit
children
award
post
am
Call
nurses
surroundings
spring
awareness
stages
Sepsis
Cost
#
beds
difference
H2U
area
sandbox=""allow
Vinegar
healthcare
products
exposure
iframe
gallbladder
Symptoms
people
course
role
friends
relief
challenge
shift
someone
physician
who
dangers
Driving
what
rules
plans
gland
group
facility
expansion
center
percent
portal
families
lung
email
effects
approach
questions
introduction
Registration
patient
force
cleaners
opening
sciatica
medicine
pm
links
states
Program
discount
goal
S
physicians
therapists
m
allergies
chemicals
art
hospital
Classes
stiffness
tr?id=411169942350009&amp;ev
rooms
Sessions
cancer
View
nursing
min
treatment
hospitals
knowledge
hay
side
lightning
ones
@OcalaHealthFL
information
answers
defense
locations
Volunteers
I\xe2\x80\x99
infertility
household
Course
symptoms
forecast
Name
style=""display
Seniors
road
rights
width=""0
rehabilitation
Searches
mins
practices
work
It\
Risk
list
problems
A
services
time
cleaning
laws
storm
encouragement
causes
tags
hands
%
approaches
operating
fruits
weight
quality
Day
specialty
https://t.co/C1nK0soKgI
room
health
diagnosis
process
age
population
attack\xe2\x80\x9d
classes
meeting
thyroid
project
skill
Play
driving
license
surgery
staff
Copyright
patients
life
1st
techniques
What
migraine
adults","5
27
4
22
11:16pm
17
25
34471
3000
2017
291
23
34491
5:00
14
3/\xe2\x80\xa6
2050
8:00am
441
352
Two
29
6:00
9:00
05
M
256
6:08am
12
six
1:16pm
34474
6
1
90
30
10
14193
11:00
24
245
4440
3
2
7
31
13
6:07am
1999
32
9
1431
20
11
million
222-bed
One
2:30
two
65
138
26
19
21
8
01
34
04
401
16
four
1:00
1000
10:30
28
40
2018
18
4600
44
1:30
one
3:00
15","to
's
over
Earn
out
up","Us
us
It
we
I
You
them
you
it
We
they","(
b
--
""
,
-
!
)
...
:
;
?
.
'","=
-
#
/
$","learn
STRIVE
Are
stop
announces
want
have
ensuring
using
freestanding
discuss
encompasses
moving
success?Join
might
affects
May
lose
care
living
recognizes
diagnosing
happens
having
should
sound
Join
tried
dedicated
we\'re
keep
harm
Save
Have
play
Let
empower
offer
entitle
serve
shows
ensure
save
Is
provide
visit
excited
comprised
approved
make
represents
Do
take
urged
protect
adding
making
hidden
am
subscribed
treating
Sign
is
loved
be
Make
reserved
Bring
handle
thank
registered
happening
rid
Help
Come
bringing
include
expect
's
don\'t
are
defend
may
become
celebrate
do
trained
connecting
maintaining
Did
will
start
facilitated
Wait
Pay
find
face
Recognized
teach
preventing
\xe2\x80\x94
scheduled
has
believe
provides
considering
done
Opens
demonstrated
can
including
arrive
stay
Beat
meet
cook
help
practice
tackle
awarded
fr\xe2\x80\xa6
located
allows
ease
use
Get
managing
Experiencing
Read
offers
been
Follow
work
eat
completed
growing
stand
represent
operating
affect
Getting
Take
accredited
Learn
perform
winning
estimated
Understanding
recognized
join
receive
Thank
earned
involve
know
skip
Find"
ww2.mc.vanderbilt.edu,"transformative
My
MORE
caring
its
immediate
our
distinctive
genetic
equal
undiagnosed
Your
optional
non
patient
affirmative
exceptional
compelling","For
If
to
Through
in
of
at
for
by
about
About","internationally
nationally
regionally","and
&
or","a
the
an
The","functionality
style=""display
employees
discoveries
width=""0
opportunity
\xc2\xa9
INFORMATION
communities
height=""0
questions
Web
Experience
suggestions
Comments
emergency
Nursing
services
jobs
spirit
Parking
programs
Request
Note
Visitors
Google+
Suggestions
Calendar
care
\xc3\x97
mail
capabilities
spots
principles
ns.html?id
individuals
trademarks
learning
area
Number
Resources
none;visibility
healthcare
Phone
action
website
iframe
careers
E
people
Appointments
Copyright
diseases
Hospital
Care
What
providers
feedback","5
5000
800
4
615
322
3
2
3000
37232
1
1211
911
2018
288","to
's","you
We","(
b
""
,
-
)
:
?
.
'","/
-
=","personalized
would
improving
Referring
is
like
leave
committed
are
combine
hidden""></iframe
regarding
call
provide
require
visit
will
Find
lead
go"
www.co.wood.wi.us,"faxed
needed.\xc2\xa0
current
sealed
Local
our
Current
More
View
full","By
until
to
Due
through
of
at
OF
for
as
via
on
up","Here
3/30/2018
online
now
There","and
&","all
a
the
those
Each
this
no","\xc2\xa9
Events
applications
Registration
section
Media
Death
services
Request
Walk
post
p.m.
Infrastructure
NOTICE
vendor
Birth
Results
Marriage
updates
month
Phone
bids
PM
Career
Copyright
proposals
employment
Brochure
events
930am","5
4:00
387
6479
4:30
715
400
884
23
3791
4/6/2018
14
8:00
9:30
54495
3/2/2018
9:00
8:30
4/4/2018
1
4/3/2018
10
945am
421
3/6/2018
2009-
10:00
3/28/2018
2107
8
1/11/2018
8400
2/6/2018
652
911
2018
4/5/2018",'s,"you
I","(
b
""
,
-
!
)
...
:
.
'","/
-","Thank
accepting
brochure.\xc2\xa0
Run
is
be
seeking
contracted
licensed
View
accepted
Walk
accept
Welcome
am
post
collaborate
will
updated
Learn"
www.einstein.yu.edu,"compassionate
human
more
public
ethical
successful
nationwide
Academic
Financial
new
American
Current
chronic
scientific
academic
Better
More
Widespread
medical","Among
to
From
in
Per
through
with
of
at
for
About","Previously
Also
Back
Now
More","and
&
both","all
a
the
another
Both","disease
scientists
innovation
addiction
students
style=""display
division
\xc2\xa9
Training
Events
virus
Donors
Epidemic
Stories
discovery
misuse
medicine
strategies
department
SERINC5
chief
policies
physicians
Contact
Calendar
care
studies
endocrinology
health
Einstein\
tr?id=565791660193723&amp;ev
opioid
Features
Terms
prescription
cure
Resources
Investigators\
healthcare
PM
crisis
none
E
Aid
epidemic
pain
7th
Video
Care
Hospital
What
use
opioids
excellence","12:00
26
24
16
718.430.2000
23
2018
10461
1300","to
'
's",We,"(
b
""
,
-
)
:
.
'","/
=","celebrate
Read
address
announces
been
Celebrates
Ranks
graduating
Need
led
Practicing
Visits
named
Advancing
Watch
May
has
Giving
treats
needed
treat
improve
Tackle
Populate
Improves
Featured
received
are
Treating"
www.grmc.us,"Connected
Special
Local
Your","On
In
in
with
of
at
for
by
into
About
on",Now,"or
and
&","a
the
All
ALL
The","\xe2\x80\x93
Implications
Innovations
AM
rights
\xc2\xa9
Events
Dining
Website
\xe2\x80\x8b
Request
Who
Condition
Needs
Pathology
Classes
Beat
Diabetes
PM
Assistance
development
H(elp
Copyright
Million
Chemotherapy
What
Terms","16:17
27
14:28
22
25
2017
03:30
29
7511
12
11:42
06:30
16:55
7
1/25/18
32
641
20
12:39
09:03
11
210
236
01
26
50112
2018
08",to,"Us
We
You","(
b
,
-
!
)
:
.
'","/
#
$
-","Goes
Are
Moving
Donate
Sniffling
reserved
Needed
Give
Bring
Find
Toned
Pay
creates
Visiting
Get
Caring
Staying
Screened"
www.health.wvu.edu,"clinical
more
social
our
dental
33rd
new
Young
Dual
Vulnerable","With
to
in
with
of
at
for
after
from","well
Read","and
&
AND","the
an
The","directory
Series
stories
Today
Events
\xc2\xa9
investigators
board
leaders
Week
pm
exams
Action
news
donation
research
collaborations
employer
pharmacy
degree
cancer
recipient
chair
networks
Years","5
1901
26
150
2
7
12
13
25
6
22
2017
9
16
23
18
2018
19
365
15",to,Us,"b
""
,
-
:
;
.
'","/
-","celebrate
Read
present
named
discuss
Stress
retiring
held
Starts
\xe2\x80\x94
be
is
Give
benefit
appointed
Scheduled
being
Steps
View
presents
offered
follow
Slain"
www.healthsystem.virginia.edu,,"of
by",,"and
&","All
A
the","C
D
ns.html?id
style=""display
rights
\xc2\xa9
width=""0
B
none;visibility
iframe","2016
1215
22903",'s,,"b
""
,
-
:
.
'","/
=","hidden""></iframe
Maintained
reserved"
www.hghospital.ws,"little
Read
our
ready
21st
Your
newborn
excited
rural
future
proud
attentive
that
its
momentous
eager
beautiful
wide
warm
capable
new
anxious
few
dedicated
innovative
full
nation\xe2\x80\x99s\n\t\t\t
their
compassionate
such
more
prenatal
Helpful
northern
most
Physician
More
medical","For
In
If
to
throughout
in
with
of
at
for
as
into
About
than
on","there
even
only
also
never
nationally
Still
not
When","and
&
but
But","that
all
Those
a
the
those
this
an
All
This
The","neighbors
thing
sons
family
progressive\n\t
week
\xc2\xa9
leaders
world
training
program
dining
generations
support
vision
menu
care
residents
confidence
leadership
privilege
Assistance
residency
event
state
Events
part
years
journey
team
skills
Respiratory
fathers
dads
daughters
need
area
healthcare
nation
month
moms
friends
physician
it\xe2\x80\x99s
who
providers
century\n\t
honor
center
families
Visit
medicine
History
millions
upgrades\n\t
range
reach
physicians
teammates
coaches
Classes
parenthood
Links
access
hospitals
CEO
ones
teachers,\n\t
expertise
calendar
lactation
students
community
Question
practices
Need
professionals
time
schedule
Values
Awards
Walk
site
mothers
specialty
room
health
Residents
focus
classes
childbirth
staff
curriculum
Posts","5222
27
our\n\t
775
23-Mar-2018
17
21-Mar-2018
9-Mar-2018
118
100
89445
2018
623
one","'s
in
to","Us
us
we
it
We","(
b
--
""
,
-
)
:
.
'","/
-","offer
serve
Ask
partner
regarded
caring\n\t
take
Designating
Beginning
embark
welcome
Contact
Visiting
Preparing
Caring
Learn
has
combined
Will
is
Being
be
provides
Helping
Welcome
begins
evolved
changed
share
including
further
Change
maximize
selected
are
help
creating
love
consider
allows
Posted
Believe
Earn
Find
served"
www.jchc.us,"My
healthy
Second
annual
SAD
our
precious
Pre
open
your
newborn
other
Additional
educational
normal
ANGRY
daily
free
welcome
centralized
Healthy
current
Free
new
32nd
Upcoming
her
monthly
periodic
full
their
10th
more
Complete
interested
More
great","For
to
in
with
during
of
at
Like
for
by
about
from
@
while
About
on","fully
more
outdoors
More
ago
not
There","and
&
or","a
the
no
those
All
an
this
This
each
The","family
\xc2\xa9
destination
Employees
total
activity
W
fitness
exercise
registration
report
Photos
http://www.jchealthandlife.org/jchl-supports-local-wrestling-programs/
programs
support
F
Living
residents
Communities
Schedule
wrestling
cooking
appointment
fun
top
story
townhall
lifestyle
days
Profiles
participants
advantage
Events
Donation
samples
contact
rate
Request
post
am
skills
discussion
babies
material
profiles
Sign
area
month
session
demonstration
forms
who
Tea
grieving
varsity
group
coping
Donations
email
Refreshments
questions
weekday
members
ride
Appointment
choices
pm
facebook
spouse
Pay
p.m.
wrestlers
Love
LOVE
number
lunch
profile
individuals
JCH&L
Classes
View
cost
Participants
pins
dementia
information
caregivers
public
recipes
meetings
community
Job
mornings
faces
Benefits
anyone
Blood
Class
season
way
wellness
Patient
data
blood
photos
To\xe2\x80\xa6
Copyright
T
What","5
6851
4:00
27
4
22
17
25
2017
23
14
8:00
29
6855
12
6
541
1
6262
30
10
11:00
24
3
2
7
31
13
9
20
11
10:00
12:20
402
19
228
21
12:00
26
8
729
6:30
28,in
16
1:00
2200
28
18
2018
0
one
3:00
15","To
to
Up
's","You
Us
I
us","(
b
""
,
!
-
)
@
:
?
.
...","/
$
-","offer
discounted
bring
set
feature
Refer
have
Powered
Is
Offered
lost
allow
will
were
make
Connecting
exercising
Aligning
hear
Hurt
provided
designed
born
held
ask
Take
get
Learn
Will
be
is
Make
loved
Say
having
made
supported
Want
call
donated
area
Join
achieved
giving
See
include
based
Likens
holds
are
experience
required
offered
added
Find"
www.mc.vanderbilt.edu,"transformative
My
MORE
caring
its
immediate
our
distinctive
genetic
equal
undiagnosed
Your
optional
non
patient
affirmative
exceptional
compelling","For
If
to
Through
in
of
at
for
by
about
About","internationally
nationally
regionally","and
&
or","a
the
an
The","functionality
style=""display
employees
discoveries
width=""0
opportunity
\xc2\xa9
INFORMATION
communities
height=""0
questions
Web
Experience
suggestions
Comments
emergency
Nursing
services
jobs
spirit
Parking
programs
Request
Note
Visitors
Google+
Suggestions
Calendar
care
\xc3\x97
mail
capabilities
spots
principles
ns.html?id
individuals
trademarks
learning
area
Number
Resources
none;visibility
healthcare
Phone
action
website
iframe
careers
E
people
Appointments
Copyright
diseases
Hospital
Care
What
providers
feedback","5
5000
800
4
615
322
3
2
3000
37232
1
1211
911
2018
288","to
's","you
We","(
b
""
,
-
)
:
?
.
'","/
-
=","personalized
would
improving
Referring
is
like
leave
committed
are
combine
hidden""></iframe
regarding
call
provide
require
visit
will
Find
lead
go"
www.mcmh.us,"that
our
organizational
relaxed
safest
Our
Your
new
your
possible
easier","For
In
If
to
like
About
of
at
for
by
since
as
about
As
on","there
here
where
how
next
When","and
And","a
the","matter
family
Donations
families
family\xe2\x80\x99s
week
design
copy
home
board
History
It\xe2\x80\x99s
prices
Privacy
Respiratory
ray
\xe2\x80\x9cFaith
quality
care
X
fact
health
directors
day
History.\xe2\x80\x9d
hospital
place
healthcare
Assistance
stay
Time
hospitals
Gifts
hours
days
information
desire
what
something
values","2271
973
seven
2010
1937
twenty
850
four","to
's","you
We
we
us","(
b
""
,
-
)
;
.","/
-","do
been
choose
provide
view
contact
will
make
published
feels
Pay
Needs
care
Learn
has
is
calling
hope
serving
cared
feel
changed
can
understand
stay
know
based
let
are
prepare
providing"
www.med.utah.edu,"My
online
Your
total
that
personal
free
welcome
clinical
main
top
secure
Same
Non
their
outstanding
New
Helpful
Related
More
high
medical","In
to
with
of
at
for
on
about
About
Of","Where
back
more
How
There
Ahead","and
&","that
all
a
the
Another
an
All
The","portions
management
tr?id=2326150590732251&amp;ev
style=""display
mix
\xc2\xa9
Events
width=""0
Searches
Visit
look
part
patient
members
training
fitness
Providers
U
tr?id=1614512032158208&amp;ev
navigation
services
NQMT9N""\nheight=""0
visibility
programs
award
Rate
tr?id=256773614675984&amp;ev
outpatients
cha
Interpreter
quality
way
care
Site
record
Yoga
Contact
Statement
health
ns.html?id
insurance
core
Responsibilities
Questions
src=""//www.googletagmanager.com
img
src=""//bat.bing.com
body
focus
classes
Discrimination
none;visibility
Links
View
iframe
none
staff
Copyright
levels
tool
information
caregivers
circuit","26
50
801
2121
581
2018
2668
84132",to,"Us
I","b
""
=
,
-
action/0?ti=5566201&amp;Ver=2
...
:
;
?
.
'","/
-
=","Be
treated
Stay
Refer
height=""0
devoted
Is
will
content
receives
Can
hidden
Looking
Staying
Learn
connects
Does
is
Referring
Join
being
You\'re
See
incorporate
are
Coming
Find"
www.memorialhealth.us,"national
My
its
more
applicable
deep
Quick
Federal
Our
Your
new
your
Smallest
Physician
More
Special
Non
civil","In
to
in
with
of
at
for
by
About
on","Here
Where
Right
Successfully
Now
Why
not","and
&
+
or","a
the
an
The","\xef\xbb\xbf
Opinion
Emergency
rights
\xc2\xa9
Events
Visit
Stroke
Website
origin
Locations
PHYSICIANS
emergency
Risk
sex
Home
Appointment
device
History
Standing
laws
Building
basis
Unit
disability
physicians
Rewards
Cooking
way
Schedule
conjunction
Statement
awards
LOCATIONS
Responsibilities
Payment
Patients
Links
Assistance
discrimination
trail
Care
SERVICES
color
What
technology
Terms
Families
age
Volunteers
race","5
27
936
3
1201
634
17
75904
8111
23
28
2018
19","'s
to
Up
'
up","It
We
You","(
b
""
,
-
)
.
...","/
+","discriminate
Follow
Has
Need
Know
does
Recognized
Needs
Preparing
blazing
Learn
Schedule
lead
Reduces
is
Make
complies
bringing
Implanted
continues
Earns
Posted
Find"
www.mhcs.us,"healthy
common
available
advanced
Early
Her
our
Alpha-1
precious
ready
UNANIMOUS
Your
undiagnosed
1-day
3D
best
happy
devastating
Key
healthier
possible
free
my
important
easier
sparkling
amazing
beautiful
outdoor
main
final
anterior
leading
physical
4th
serious
new
American
proper
Upcoming
her
lucky
lower
third
knowledgeable
young
full
their
past
old
Pete.Christensen@mhcs.us
senior
tight
friendly
untreated
his
37-year
Close
licensed
second
active
many
More
great
high
early
medical","For
with
from
As
near
If
Than
that
In
in
at
after
On
To
during
by
as
on
to
through
of
for
about
About","Here
back
currently
Close
annually
recently
most
now
quickly
all!\xe2\x80\x9d
particularly
when
as
never
More
There
prior
how
early
When","&
But
and
or
but","all
a
A
the
Those
\xe2\x80\x9cThe
another
no
this
every
All
each
The","family
diabetes
week
Share
couple
Stories
Web
intensity
go
Home
program
exercise
tractor
incident
knee
head
breast
diet
heart
care
day
resident
detection
20th
smile
Diabetes
Assistance
lungs
lifestyles
lbs
grandchildren
www.familydoctor.org
accident
Gifts
t
days
lifestyle
cruciate
Hours
illness
college
address
AM
Emergency
options
year
Events
fall
part
Sharing
tab
Doctors
years
a.m.
content
doctor
joy
team
children
beams
Respiratory
line
spring
smiles
doors
antitrypsin
planting.\xe2\x80\x9d
addition
sport
March,\xc2\xa0is
cure
lives
education
enthusiast
\xd9\x84\xd8\xb9\xd8\xb1\xd8\xa8\xd9\x8a\xd8\xa9
girl
people
form
sisters
friends
goals
therapist
mother
Hospital
physician
hours
Email
tool
words
who
it\xe2\x80\x99s
technology
end
cause
race
plans
Women
wake
Emma
percent
thanks
lung
Espa\xc3\xb1ol
Fax
boys
assistance
seriousness
home
members
Therapy
ligament
charge
goal
p.m.
shares
Choice
\xd9\x81\xd8\xa7\xd8\xb1\xd8\xb3\xdb\x8c
daughter
\xe6\x97\xa5\xe6\x9c\xac\xe8\xaa\x9e
888.644.2971
call
injury
Number
Discrimination
cancer
Time
a.m.-12:00
treatment
unD
Notice
help
practice
Flowers
ezVisit
deficiency
protection
public
therapy
\xe2\x80\x93
map
goodness
rights
Implementation
baby
rehabilitation
\xda\xa9\xd9\x88\xd8\xb1\xd8\xaf\xdb\x8c
sfrx@mhcs.us
capacity,\xe2\x80\x9d
Spring
sex
time
services
mammograms
season
30th
infusion
changes
internet
lead
car
mothers
Patient
Ti\xe1\xba\xbfng
game
women
\xe2\x80\x9cI
nutrition
\xed\x95\x9c\xea\xb5\xad\xec\x96\xb4
classes
native
death
wives
\xd0\xa0\xd1\x83\xd1\x81\xd1\x81\xd0\xba\xd0\xb8\xd0\xb9
Baby
farm
level
Mammography
times
love
life
What
language
Years
age
woman","2000
4596
4
17
25
68405
2017
5:00
86
761
8:00
4611
2015
644
8:30
60
2971
1
4646
2081
4800
24
five
68434
7
643
20
2:34
100
402
888
two
107
12:00
3307
534
300
68456
5:30
16
119
646
40
911
250
2018
4607
one","to
's
on
'
up","Us
us
It
she
he
I
You
him
you
He
We
She
they","(
b
""
,
-
!
)
..
:
;
?
.
ezVisit
...","-
+","compares
pursue
have
celebrated
Learning
go
led
beaming
born
Looking
affects
Specialize
diagnosing
becoming
tell
married
referred
left
grins
fell
participated
speak
mentions
DO
raising
Managing
set
save
Serve
were
named
making
Needs
Call
Caring
loves
inform
is
be
reserved
returning
being
chose
tore
questioning
would
weighed
prepares
are
brought
greeted
diagnosed
sidelined
facing
finding
concentrating
seats
shared
observed
live
has
steps
Show
recited
made
call
done
come
can
could
welcomed
met
was
Continuing
Get
did
Read
Deliver
came
\xc2\xa0With
Need
Bringing
DONATE
sustained
receive
farms
See
grew"
www.oahs.us,"My
our
comfortable
first
Upcoming
her
More","because
@
with
if
of
at
for
by
as
About","soon
More
as
really","and
&
And","An
a
the
an
All","\xe2\x80\x93
rights
Events
Testing
baby
Motherhood
Out
Home
pm
Parking
clinic
Contact
menu
Patient
m
Lab
Click
Cost
Scheduling
atmosphere
tabs
Notice
Copyright
Hospital
FAQs
1st
What
Level
I\xe2\x80\x99
Provider","320.325.5217
320.839.2502
2
5:30
7
19
25
320.839.4020
6
320.839.6113
02
09
20
03
2018
21
08
06
9:30",to,"We
we","(
b
,
-
!
)
\xc2\xa9\xc2\xa02018
[
]
.
'","/
-","knew
liked
bring
be
reserved
met
deliver
Check
felt
Visiting
chose
Developed
will
Find
admitted
Learn"
www.rchc.us,"northwest
experienced
mobile
our
vital
your
best
valuable
\xc2\xa0
easy
highest
Recent
OUR
src=""//googleads.g.doubleclick.net
that
MORE
person\xe2\x80\x99s
We\xe2\x80\x99re
professional
possible
Full
Last
current
main
WELCOME
top
full
their
compassionate
Our
unchanged
More
monthly
medical","For
If
to
like
in
with
TO
of
for
by
about
About
on","Here
conveniently
recently
most
Not
More","and
&
or","that
a
A
the
THE
this
This
each
The","neighbors
northwest
logic
newsletter
standard
asset
Home
cornerstones
Stress
support
vision
Contact
care
20th
Phone
none
Care
experience
communities
functionality
class=""container"">\n
tier
comments
class=""alert
contact
content
faculty
Statement
relative;z
interest
Questions
area
healthcare
iframe
people
role
friends
uxicached
technology
center
Comments
r\xe2\x80\xa6
questions
patient
purposes
recognition
LEARN
members
navigation
History
X
Click
browser.</p>\n
individuals
QUESTIONS
hospital
validation
style
access
alert
mission
information
service
CAREERS
CONTACT
pagead
Name
\xe2\x80\x93
style=""display
community
inline;"">\n
viewthroughconversion/858949094/?guid
12th
field
style=""border
services
administrator
quality
site
health
\xe2\x80\x9cThis
website
level
staff
patients
life
style=""position
1st
clinics","360
24
100
2018
7856263211
one","To
to","Us
us
we
you
ourselves
We","(
b
/div>\n
""
,
*
-
!
/div
)
...
:
?
;
.
'","/
=","serve
Read
contains
ensure
set
TODAY
have
Published
provide
combines
centered
pride
LEARN
named
Do
give
publishes
Started
Needs
Set
Copy
Centered
needs
Learn
warning
is
be
plays
should
handle
call
improve
Welcome
Opens
meeting
enable
Thank
left
know
relies
powered
was
are
help
SETS
located
required
visiting
staffed
CONTACT
Get"
www.scmc.us,"environmental
available
overall
which
open
your
aware
administrative
other
federal
mild
rural
that
whole
functional
different
certified
physical
serious
regular
ther
dedicated
Healthier
their
lethal
long
progressive
Our
small
More","By
to
in
through
with
of
at
by
from
About
among","properly
highly
closely
Away
south
Currently
also
Just
about
More
west
not","or
and","Those
a
the
this
The","family
variety
\xc2\xa9
week
insulin
emergency
fitness
Home
checks
Contact
heart
care
day
body
miles
Diabetes
viruses
provider
PALS
days
Pressure
town
movement
history
illness
disease
Flu
assistants
function
Telephone
food
a.m.
department
children
Site
nurses
healthcare
Parents
physician
hours
who
plans
cause
facility
Fax
effects
patient
pressure
home
adolescents
plan
range
men
southwest
p.m.
physicians
number
difficulties
individuals
sugar
injury
nursing
symptoms
Course
therapy
cards
artists
community
Heart
issue
24/7
Blood
factors
services
amount
influenza
clinic
CHIPS
starches
room
health
compassion
women
blood
hormone
death
illnesses
staff
life","200
2507
76936
24
seven
14-bed
325
8:00
12
47
3976
1
3137
100
2018
5:00
277
853
102",to,"It
We","(
b
""
,
-
)
...
:
.
'",-,"aging
Read
offers
trained
develop
save
re
Keeps
suffer
helps
enrolled
Reserved
restore
take
does
determined
has
certified
caused
is
calling
needed
leading
provides
houses
being
Steps
can
refers
could
regulate
works
Care
are
help
produce
located
pumps
staffed
use
providing
cause"
www.tchospital.us,"national
that
holistic
more
our
accessible
Our
Older
Intimate
Current
Upcoming
effective
INDIGENT
More
Non","-Suicide
to
in
BY
with
of
at
by
about
FOR
About
below","always
irrespective
wherein
here","and
&
or","a
the
those
THE
All
each
The","-Discharge
member
artists
community
\xc2\xa9
Events
Address
person
origin
-Pharmacy
H
con
-Laboratory
home
Doctors
sex
services
History
commitment
HEALTH
creed
environment
disability
quality
Notices
care
wellness
Facilities
Substance
health
compassion
need
Crashes
Discrimination
Center
Phone
Diabetes
action
terms
-Current
Scam
cost
sensitivity
Feel
Copyright
concern
Care
Lines
-Guide
Mission
Violence
caregivers
color
-Prevention
age
race","5
4
2017
14
12
6
1
15
30
10
1100
2
409
3
7
13
283
9
11
8
75979
16
2018
8141","to
's","We
ourselves
You","(
""
-Wildflower
-Non
-
)
.
-Older
,
-Intimate
-The
b
-Monthly
-Press
-TCH
-Volunteering
-Admissions
-Radiology
!
-Our
-Guide
:
-Emergency
-Child
...","/
-","2017
provide
maintain
-Administration
Speak
Reserved
dedicate
-Patient
beware
Preventing
promote
Learn
is
be
treat
Welcome
can
create
demonstrate
Presented
-Our
are
Avoiding
Related
PROVIDED
use"
www.thecenters.us,"Individual
residential
foster
served.\xc2\xa0
available
enthusiastic
our
responsive
motivated
complementary
best
devoted
good
OUR
Reserved
alone
talented
healthier
relative
specialized
professional
possible
mental
VIEW
Free
Worried
helpful
first
dedicated
knowledgeable
their
Us
compassionate
24-HOUR
Our
second
More
medical","For
that
If
to
per
throughout
in
through
with
of
at
for
by
as
since
about
About
on
At","Here
Where
again
all
highly
Securely
positively
well
here
at
Now
as
MYSELF
very
More
not","and
&
or","all
A
a
the
Each
every
this
The","group
therapy
management
addiction
families
Today
variety
recovery
community
week
medication
feelings.\xe2\x80\x9d
impact
Management
resource
emergency
parents
healing
professionals
members
Home
program
respect
services
advocacy
team
Copyright
programs
Addiction
counseling
children
support
case
thousands
Site
Privacy
kids
care
Adults
outpatient
guidance
Substance
health
clients
LOCATIONS
LINE
day
dignity
request
Persons
refills
need
prescription
popup
appointments
classes
teens
lives
website
treatment
Abuse
mission
staff
someone
levels
Recovery
life
persons
step
information
who
records
chance
them.\xe2\x80\x9d
partners
opinions
adoption
adults
one","717
9595
6900
351
291
34461
352
2016
726
34474
1
5020
3238
2
628
24-hours/7-days
7155
ONE
5555
629
352.291.5555
5664
1972","Out
to","Us
us
we
They
I
You
them
you
We
they","(
b
,
-
)
:
?
;
.
'","/
-","offer
strengthen
Are
Donate
Contracted
TODAY
changing
have
seek
interviewed
provide
view
Need
Use
collaborating
seeking
Do
LOVED
DONATE
stated
find
Needs
Call
Take
get
lead
Learn
believe
reported
Hosted
loved
calling
is
impacting
Give
connected
treat
supported
feel
call
coordinate
Join
need
Welcome
given
Help
left
show
equipping
regarding
are
help
love
was
committed
CONTACT
providing
Find
served"
www.uuhsc.utah.edu,"My
online
Your
total
that
personal
free
welcome
clinical
main
top
secure
Same
Non
their
outstanding
New
Helpful
Related
More
high
medical","In
to
with
of
at
for
on
about
About
Of","Where
back
more
How
There
Ahead","and
&","that
all
a
the
Another
an
All
The","portions
management
tr?id=2326150590732251&amp;ev
style=""display
mix
\xc2\xa9
Events
width=""0
Searches
Visit
look
part
patient
members
training
fitness
Providers
U
tr?id=1614512032158208&amp;ev
navigation
services
NQMT9N""\nheight=""0
visibility
programs
award
Rate
tr?id=256773614675984&amp;ev
outpatients
cha
Interpreter
quality
way
care
Site
record
Yoga
Contact
Statement
health
ns.html?id
insurance
core
Responsibilities
Questions
src=""//www.googletagmanager.com
img
src=""//bat.bing.com
body
focus
classes
Discrimination
none;visibility
Links
View
iframe
none
staff
Copyright
levels
tool
information
caregivers
circuit","26
50
801
2121
581
2018
2668
84132",to,"Us
I","b
""
=
,
-
action/0?ti=5566201&amp;Ver=2
...
:
;
?
.
'","/
-
=","Be
treated
Stay
Refer
height=""0
devoted
Is
will
content
receives
Can
hidden
Looking
Staying
Learn
connects
Does
is
Referring
Join
being
You\'re
See
incorporate
are
Coming
Find"
www.wmhc.us,"caring
printable
willing
our
Our
professional
your
stressful
best
comprehensive
patient
exceptional
competent
right
able
high
body\n","For
that
to
From
in
of
for
by
as
Between
If","too
only
here
very
sincerely
not
clinically","and
&
or","all
a
any
the
those
this","map
areas
click
Events
rehabilitation
healthcare\n
discharge
patient
everyone
reasons
healing
Maryland.gov
pm
services
spirit
programs
environment
am
quality
site
care
planner
specialty
number
Vision
Dial
citizens
place.\n
placement
resident
difference
need
mind
place
lives
people
comfort
page
print
practice
patients
Mission
business
service
Terms
one","711
9:00
877.964.2262
301.745.4200
21742
1500
7:00",to,"you
We
we","(
b
,
-
!
)
:
.
'",/,"offer
serve
do
guide
have
want
reassure
recognize
view
contact
provide
centered
make
think
be
loved
is
hope
following
touch
Welcome
hesitate
come
can
understand
are
complex\n
may
visiting
CONTACT
specialize"
www.ych.us,"larger
that
available
our
overall
CLOSE
Our
same
best
PREMIUM
excellent","By
to
in
with
TO
of
OF
for
by
ABOUT","highly
top
when","and
&",the,"facilities
DIGNITY
community
options
\xc2\xa9
everything
Lubbock.\xe2\x80\x9d
influences
patients\xe2\x80\x99
standard
members
JUSTICE
cities
commitment
HEALTH
CONVENIENCE
physicians
quality
care
health
SERVICE
\xe2\x80\x9cI
premium
art
State
WHO
healthcare
Dignity
VALUES
PEOPLE
level
staff
patients
Care
wellbeing
SERVICES
CAREERS
CONTACT
excellence",2017,to,"we
You
you
it
We
they","b
,
-
.
'",/,"serve
do
is
trained
ensure
receive
was
serving
have
fight
committed
comes
performing
provide
Crafted
providing
fuels"
